mean_x,mean_y,std_x,std_y
320.89761570827488,331.50490883590464,16.924281748074847,9.5199084832923386
