mean_x,mean_y,mean_z,std_x,std_y,std_z
0.0065738920026313062,0.15637971706663506,1.1422052802617313,0.012009828537983287,0.0067676409193363528,0.00093176227538500672
