mean_x,mean_y,std_x,std_y
640.0,510.99813084112151,0.0,0.043193345825388169
