mean_x,mean_y,mean_z,std_x,std_y,std_z
0.0059412780322497492,0.15568525355421142,1.1409900981006751,2.8652087329839089e-05,0.00017236129156328838,0.0014639777488701568
