mean_x,mean_y,mean_z,std_x,std_y,std_z
-0.057505005351917694,0.03600318228093833,0.40414116895538765,2.4837203088723396e-05,1.5388807540520089e-05,0.00016090342559003286
