mean_x,mean_y,mean_z,std_x,std_y,std_z
-0.057098262694152101,0.036189284042090104,0.40429569706340124,0.0058287432192656785,0.00321836149085199,0.00037178923202104043
