mean_x,mean_y,std_x,std_y
640.94955489614244,511.53412462908011,17.405628752354186,9.7906661731994564
