mean_x,mean_y,mean_z,std_x,std_y,std_z
0.0066350686932725922,0.15632676535079276,1.1412858275277686,0.012359156675102755,0.006976310930081343,0.00087012603561595488
