mean_x,mean_y,std_x,std_y
640.0,510.92322834645671,0.0,0.26622878648924303
