mean_x,mean_y,mean_z,std_x,std_y,std_z
0.0059087257009496977,0.15564038385062745,1.1414054239946043,1.6986013313884219e-05,0.00021422086546559109,0.001817238639479041
